{
  "synthetic": {
    "simple_4taxa": {
      "case": "simple_4taxa",
      "W": [
        [
          0.0,
          1.8394423377793767,
          1.2439738103608866,
          1.2439738103608866
        ],
        [
          1.8394423377793767,
          0.0,
          1.2079296643905382,
          1.2079296643905382
        ],
        [
          1.2439738103608866,
          1.2079296643905382,
          0.0,
          1.2346646305845894
        ],
        [
          1.2439738103608866,
          1.2079296643905382,
          1.2346646305845894,
          0.0
        ]
      ],
      "pi": [
        0.23642830350854538,
        0.28319788570542426,
        0.24018690539301518,
        0.24018690539301518
      ],
      "mu": 0.40838126731299473
    },
    "star_topology": {
      "case": "star_topology",
      "W": [
        [
          0.0,
          1.9327263481638737,
          1.5036288136683122,
          1.0357356101301802
        ],
        [
          1.9327263481638737,
          0.0,
          1.086630675448685,
          1.1128169234274283
        ],
        [
          1.5036288136683122,
          1.086630675448685,
          0.0,
          1.14110907724228
        ],
        [
          1.0357356101301802,
          1.1128169234274283,
          1.14110907724228,
          0.0
        ]
      ],
      "pi": [
        0.2829474454095937,
        0.2717439588383742,
        0.23928305855672125,
        0.20602553719531097
      ],
      "mu": 0.5297490077970066
    },
    "caterpillar": {
      "case": "caterpillar",
      "W": [
        [
          0.0,
          2.420864275902815,
          1.029643990376738,
          1.029643990376738
        ],
        [
          2.420864275902815,
          0.0,
          1.1465359255623588,
          1.1465359255623588
        ],
        [
          1.029643990376738,
          1.1465359255623588,
          0.0,
          1.1836703006488603
        ],
        [
          1.029643990376738,
          1.1465359255623588,
          1.1836703006488603,
          0.0
        ]
      ],
      "pi": [
        0.5515621104324637,
        0.22541082891142836,
        0.11151353032805396,
        0.11151353032805396
      ],
      "mu": 1.22968454967778
    },
    "multiple_mutations": {
      "case": "multiple_mutations",
      "W": [
        [
          0.0,
          1.1330495461499848,
          2.619990303046215,
          1.1330495461499848
        ],
        [
          1.1330495461499848,
          0.0,
          0.9842930830532334,
          1.082381144572706
        ],
        [
          2.619990303046215,
          0.9842930830532334,
          0.0,
          0.9842930830532334
        ],
        [
          1.1330495461499848,
          1.082381144572706,
          0.9842930830532334,
          0.0
        ]
      ],
      "pi": [
        0.21675831232245793,
        0.23038165843257852,
        0.3224783708123852,
        0.23038165843257852
      ],
      "mu": 0.3312872522803882
    },
    "varying_branch_lengths": {
      "case": "varying_branch_lengths",
      "W": [
        [
          0.0,
          1.2222305452658233,
          1.2222305452658235,
          2.2523179515972314
        ],
        [
          1.2222305452658233,
          0.0,
          1.1691724412278712,
          1.071420587059511
        ],
        [
          1.2222305452658235,
          1.1691724412278712,
          0.0,
          1.071420587059511
        ],
        [
          2.2523179515972314,
          1.071420587059511,
          1.071420587059511,
          0.0
        ]
      ],
      "pi": [
        0.21655119642057166,
        0.23363900907905985,
        0.23363900907905985,
        0.31617078542130866
      ],
      "mu": 0.2951428490332437
    },
    "large_branchy_uneven": {
      "case": "large_branchy_uneven",
      "W": [
        [
          0.0,
          3.739341323781337,
          3.06459936276167,
          3.337698816707681
        ],
        [
          3.739341323781337,
          0.0,
          0.5201784875553972,
          0.5130247605959557
        ],
        [
          3.06459936276167,
          0.5201784875553972,
          0.0,
          0.5123524801985364
        ],
        [
          3.337698816707681,
          0.5130247605959557,
          0.5123524801985364,
          0.0
        ]
      ],
      "pi": [
        0.12450297492277035,
        0.28821273166123046,
        0.28901348668636034,
        0.2982708067296389
      ],
      "mu": 0.43957994890687807
    }
  },
  "real": {
    "dengue_20": {
      "case": "dengue_20",
      "W": [
        [
          0.0,
          0.24433798755603992,
          2.157887187027965,
          0.3213789307031718
        ],
        [
          0.24433798755603992,
          0.0,
          0.142259543776178,
          6.152744122055908
        ],
        [
          2.157887187027965,
          0.142259543776178,
          0.0,
          0.12267809965200079
        ],
        [
          0.3213789307031718,
          6.152744122055908,
          0.12267809965200079,
          0.0
        ]
      ],
      "pi": [
        0.3287054793415534,
        0.20225112744729962,
        0.25519017776501457,
        0.2138532154461323
      ],
      "mu": 0.8606501993876755
    },
    "ebola_20": {
      "case": "ebola_20",
      "W": [
        [
          0.0,
          0.48295275275687277,
          2.5470437401034873,
          0.46285217764312064
        ],
        [
          0.48295275275687277,
          0.0,
          0.2818656980134587,
          4.064578567801412
        ],
        [
          2.5470437401034873,
          0.2818656980134587,
          0.0,
          0.39406341694597563
        ],
        [
          0.46285217764312064,
          4.064578567801412,
          0.39406341694597563,
          0.0
        ]
      ],
      "pi": [
        0.320235328678624,
        0.21390869129712092,
        0.19807627894934746,
        0.26777970107490773
      ],
      "mu": 0.9911509041309998
    },
    "flu_h3n2_20": {
      "case": "flu_h3n2_20",
      "W": [
        [
          0.0,
          0.6808972653455736,
          3.062993241660039,
          0.2655565443193687
        ],
        [
          0.6808972653455736,
          0.0,
          0.3654954173213331,
          3.400586611680293
        ],
        [
          3.062993241660039,
          0.3654954173213331,
          0.0,
          0.4258111980889715
        ],
        [
          0.2655565443193687,
          3.400586611680293,
          0.4258111980889715,
          0.0
        ]
      ],
      "pi": [
        0.3124167797738911,
        0.19144789306385374,
        0.23548788807424265,
        0.2606474390880125
      ],
      "mu": 0.9781925391273192
    },
    "lassa_L_50": {
      "case": "lassa_L_50",
      "W": [
        [
          0.0,
          0.5048185912840835,
          3.5021019799446975,
          0.5738546252957388
        ],
        [
          0.5048185912840835,
          0.0,
          0.5844982024442419,
          2.567255783616658
        ],
        [
          3.5021019799446975,
          0.5844982024442419,
          0.0,
          0.5745230866041781
        ],
        [
          0.5738546252957388,
          2.567255783616658,
          0.5745230866041781,
          0.0
        ]
      ],
      "pi": [
        0.26205942865002807,
        0.2335488970281534,
        0.18653536362536557,
        0.31785631069645287
      ],
      "mu": 0.8852795221949072
    },
    "mpox_clade_ii_20": {
      "case": "mpox_clade_ii_20",