{
  "synthetic": {
    "caterpillar": {
      "W": [
        [
          0.0,
          2.420870607287235,
          1.029646683842325,
          1.029646683842325
        ],
        [
          2.420870607287235,
          0.0,
          1.1465389252072686,
          1.1465389252072686
        ],
        [
          1.029646683842325,
          1.1465389252072686,
          0.0,
          1.183673397732883
        ],
        [
          1.029646683842325,
          1.1465389252072686,
          1.183673397732883,
          0.0
        ]
      ],
      "pi": [
        0.5515621108138563,
        0.22541082860178036,
        0.11151353029218164,
        0.11151353029218164
      ],
      "mu": 1.2296813296424014
    },
    "large_branchy_uneven": {
      "W": [
        [
          0.0,
          3.739465275184116,
          3.064700948200391,
          3.3378094549864077
        ],
        [
          3.739465275184116,
          0.0,
          0.5201957309605827,
          0.5130417668853323
        ],
        [
          3.064700948200391,
          0.5201957309605827,
          0.0,
          0.5123694642336551
        ],
        [
          3.3378094549864077,
          0.5130417668853323,
          0.5123694642336551,
          0.0
        ]
      ],
      "pi": [
        0.12450297493875176,
        0.28821273166806094,
        0.28901348667564986,
        0.2982708067175375
      ],
      "mu": 0.4395653839580285
    },
    "multiple_mutations": {
      "W": [
        [
          0.0,
          1.1330507107312144,
          2.6199929937919175,
          1.1330507107312144
        ],
        [
          1.1330507107312144,
          0.0,
          0.9842940935095355,
          1.0823822564485217
        ],
        [
          2.6199929937919175,
          0.9842940935095355,
          0.0,
          0.9842940935095355
        ],
        [
          1.1330507107312144,
          1.0823822564485217,
          0.9842940935095355,
          0.0
        ]
      ],
      "pi": [
        0.21675831240722915,
        0.23038165842783573,
        0.32247837073709934,
        0.23038165842783573
      ],
      "mu": 0.33128690797463745
    },
    "simple_4taxa": {
      "W": [
        [
          0.0,
          1.8394422469174938,
          1.243973749122544,
          1.243973749122544
        ],
        [
          1.8394422469174938,
          0.0,
          1.20792960449524,
          1.20792960449524
        ],
        [
          1.243973749122544,
          1.20792960449524,
          0.0,
          1.2346645696734349
        ],
        [
          1.243973749122544,
          1.20792960449524,
          1.2346645696734349,
          0.0
        ]
      ],
      "pi": [
        0.23642830352093555,
        0.28319788568937776,
        0.2401869053948434,
        0.2401869053948434
      ],
      "mu": 0.40838128278911934
    },
    "star_topology": {
      "W": [
        [
          0.0,
          1.9327238503873112,
          1.503626871562873,
          1.0357342723401788
        ],
        [
          1.9327238503873112,
          0.0,
          1.0866292721216033,
          1.112815486253423
        ],
        [
          1.503626871562873,
          1.0866292721216033,
          0.0,
          1.1411076041956751
        ],
        [
          1.0357342723401788,
          1.112815486253423,
          1.1411076041956751,
          0.0
        ]
      ],
      "pi": [
        0.2829474454054047,
        0.2717439588814265,
        0.23928305852560847,
        0.20602553718756045
      ],
      "mu": 0.5297496878803617
    },
    "varying_branch_lengths": {
      "W": [
        [
          0.0,
          1.222231306346926,
          1.222231306346926,
          2.252319353078778
        ],
        [
          1.222231306346926,
          0.0,
          1.1691731692093494,
          1.0714212539241512
        ],
        [
          1.222231306346926,
          1.1691731692093494,
          0.0,
          1.0714212539241512
        ],
        [
          2.252319353078778,
          1.0714212539241512,
          1.0714212539241512,
          0.0
        ]
      ],
      "pi": [
        0.21655119648633753,
        0.23363900909028032,
        0.23363900909028032,
        0.3161707853331019
      ],
      "mu": 0.2951426628919642
    }
  },
  "real": {
    "dengue_20": {
      "W": [
        [
          0.0,
          0.24434044739932512,
          2.1579089106737395,
          0.32138216612779597
        ],
        [
          0.24434044739932512,
          0.0,
          0.14226097606235857,
          6.152806062362621
        ],
        [
          2.1579089106737395,
          0.14226097606235857,
          0.0,
          0.12267933477059235
        ],
        [
          0.32138216612779597,
          6.152806062362621,
          0.12267933477059235,
          0.0
        ]
      ],
      "pi": [
        0.32870547935627986,
        0.20225112744178095,
        0.2551901777523192,
        0.21385321544962005
      ],
      "mu": 0.8606415315486182
    },
    "ebola_20": {
      "W": [
        [
          0.0,
          0.48321011295107263,
          2.5484030876160824,
          0.463111740012246
        ],
        [
          0.48321011295107263,
          0.0,
          0.28107130600929237,
          4.05279956211473
        ],
        [
          2.5484030876160824,
          0.28107130600929237,
          0.0,
          0.3929312672210302
        ],
        [
          0.463111740012246,
          4.05279956211473,
          0.3929312672210302,
          0.0
        ]
      ],
      "pi": [
        0.31859513615064,
        0.21442597450742557,
        0.19855151060350565,
        0.2684273787384289
      ],
      "mu": 0.9917864545226228
    },
    "flu_h3n2_20": {
      "W": [
        [
          0.0,
          0.6808972326825978,
          3.0629930955505134,
          0.265556531660578
        ],
        [
          0.6808972326825978,
          0.0,
          0.36549539990466917,
          3.400586448652875
        ],
        [
          3.0629930955505134,
          0.36549539990466917,
          0.0,
          0.42581117774031896
        ],
        [
          0.265556531660578,
          3.400586448652875,
          0.42581117774031896,
          0.0
        ]
      ],
      "pi": [
        0.3124167797587867,
        0.19144789306686222,
        0.23548788808286747,
        0.2606474390914835
      ],
      "mu": 0.9781925929286168
    },
    "lassa_L_50": {
      "W": [
        [
          0.0,
          0.49002172461962773,
          3.337461063312778,
          0.5810792306182953
        ],
        [
          0.49002172461962773,
          0.0,
          0.5665562313539054,
          2.6391196214798773
        ],
        [
          3.337461063312778,
          0.5665562313539054,
          0.0,
          0.5792816606151563
        ],
        [
          0.5810792306182953,
          2.6391196214798773,
          0.5792816606151563,
          0.0
        ]
      ],
      "pi": [
        0.27370450106535665,
        0.2355151899915617,
        0.19490001318617356,
        0.2958802957569082
      ],
      "mu": 0.8892758997328145
    },
    "mpox_clade_ii_20": {
      "W": [
        [
          0.0,
          0.1277135813303336,
          4.2080103955063946,
          0.16039320233162482
        ],
        [
          0.1277135813303336,
          0.0,
          0.2289975772736878,
          4.038460693738815
        ],
        [
          4.2080103955063946,
          0.2289975772736878,
          0.0,
          0.23604068542147105
        ],
        [
          0.16039320233162482,
          4.038460693738815,
          0.23604068542147105,
          0.0
        ]
      ],
      "pi": [
        0.3359143976326252,
        0.16507139235070165,
        0.1647123172427805,
        0.33430189277389266
      ],
      "mu": 0.9913852516120023
    },