{
  "nij": [
    [0.0, 11.0, 43.0, 4.0],
    [3.0, 0.0, 3.0, 30.0],
    [40.0, 1.0, 0.0, 5.0],
    [2.0, 34.0, 3.0, 0.0]
  ],
  "Ti": [56.66197999999999, 35.367425, 43.649774999999956, 47.399660000000004],
  "root_state": [434.0, 273.0, 333.0, 367.0],
  "W": [
    [0.0, 0.7002635442435173, 3.065943070466885, 0.26497460304289716],
    [0.7002635442435173, 0.0, 0.33549179159993664, 3.3998783549644607],
    [3.065943070466885, 0.33549179159993664, 0.0, 0.42575572047834176],
    [0.26497460304289716, 3.3998783549644607, 0.42575572047834176, 0.0]
  ],
  "pi": [0.3120901170238102, 0.19145627860820313, 0.23579078497177342, 0.2606628193962133],
  "mu": 0.9767262417666418
}
